{
  "modelSha256": "d5cec11773dd796501709d02d69ef4b478f1168a7ff6cd6fdfd17b4b13871e27",
  "datasetSha256": "85985134eeb9070e90af073f830101a0114029d4e74c806df1cb105baddead57",
  "deck": "majkel1337-85795098",
  "acceptedReplays": 2000,
  "rejectedReplays": 0,
  "examples": 63495,
  "splits": {
    "train": 50949,
    "validation": 6205,
    "test": 6341
  },
  "bestEpoch": 20,
  "bestValidationMse": 0.7045863911624727,
  "testFloatMse": 0.8715698882554423,
  "testQatReferenceMse": 0.7423218558573365,
  "testQuantizedMse": 0.7350654943897824,
  "zeroMse": 1.0,
  "signAccuracy": 0.7194731893752244,
  "pairedBaseline": "constant-zero",
  "nativeBitExact": true,
  "allGatesPassed": true
}
