{"1:3:676":-0.91527,"1:3:*":-0.75807,"1:3:675":-1.62414,"1:3:677":-0.73416,"1:3:673":-1.70181,"1:3:431":-0.40547,"1:3:432":-0.40547,"2:3:432":0.28768,"2:3:*":-0.74352,"1:3:222":-0.69315,"1:3:140":-1.16315,"1:3:741":0.28768,"38:0:-1":-2.40629,"38:0:*":-2.40629,"2:3:222":-0.28768,"2:3:140":-1.41369,"1:3:878":-0.77958,"0:7:1225":-1.58012,"0:7:*":-1.53252,"0:7:1255":-1.47305,"0:7:1227":-1.61198,"0:7:1219":-1.63761,"0:7:1122":-1.38629,"0:8:1171":-1.99201,"0:8:*":-2.25876,"0:14:-1":-2.24275,"0:14:*":-2.24275,"0:13:1266":-0.83893,"0:13:*":-0.96001,"7:3:-1":-1.60095,"7:3:*":-1.78317,"41:1:-1":-0.99368,"41:1:*":-0.99368,"41:2:-1":0.85619,"41:2:*":0.85619,"0:8:19":-2.02856,"0:7:65":-1.6864,"1:3:304":-1.65999,"2:3:304":-0.62048,"0:7:1152":-1.44176,"0:8:6":-2.5,"0:7:1192":-1.53456,"0:7:1102":-1.58045,"0:13:981":-1.1747,"1:3:65":-1.14938,"2:3:65":-0.55644,"0:7:1194":-1.27146,"0:8:11":-2.048,"1:3:311":-1.91692,"2:3:311":-0.86904,"1:3:169":-1.1474,"2:3:169":-1.90211,"0:7:1244":-1.249,"0:7:169":-0.94556,"0:7:1121":-1.39072,"2:3:675":-0.56465,"0:7:1141":-1.4946,"0:10:675":-2.03087,"0:10:*":-1.92068,"0:13:980":-0.95346,"0:12:-1":-2.5,"0:12:*":-2.5,"42:1:-1":-1.38096,"42:1:*":-1.38096,"42:2:-1":-0.25783,"42:2:*":-0.25783,"1:3:666":-0.7761,"0:8:8":-2.12146,"0:13:965":-0.86801,"22:3:8":-1.89058,"22:3:*":-1.66229,"2:3:673":-0.63758,"0:7:1123":-1.56758,"0:13:976":-1.08519,"2:3:676":-0.38996,"0:7:1142":-1.67881,"0:7:1185":-1.90368,"0:7:1097":-0.61401,"0:13:223":-0.68088,"2:3:677":-0.45495,"0:7:676":-1.49622,"2:3:878":-0.69315,"1:3:1030":-0.60825,"0:7:1189":-2.34136,"0:8:17":-1.92529,"0:8:3":-2.32252,"0:7:1223":-1.39433,"19:3:1031":-1.53955,"19:3:*":-1.59826,"18:3:1030":0.78624,"18:3:*":0.88009,"0:13:1488":-0.31845,"0:13:1487":-0.67605,"7:3:675":-2.29878,"7:3:677":-2.26778,"7:3:673":-2.5,"7:3:674":-1.83794,"7:3:676":-2.29572,"0:7:675":-1.78659,"0:7:1134":-1.30966,"0:7:57":-0.82098,"1:3:721":-0.67513,"0:7:1262":-0.8473,"0:13:1042":-0.75853,"0:7:1252":-1.58089,"0:8:12":-1.87065,"5:3:878":-1.34298,"5:3:*":-1.42162,"5:3:272":-1.20397,"0:8:1159":-1.95764,"0:7:1145":-1.14282,"1:3:341":-0.33647,"0:7:1261":-0.95551,"0:13:475":0.0,"0:7:304":-1.55974,"0:7:878":-1.86587,"0:7:677":-1.86602,"1:3:860":-0.82564,"19:3:861":-1.81374,"18:3:860":1.5506,"0:13:1240":-0.57732,"2:3:1030":-0.81093,"0:8:1156":-1.97408,"0:8:5":-2.06263,"5:3:741":-1.11647,"5:3:521":-0.40547,"0:7:1231":-1.50408,"0:13:301":-0.40547,"0:7:1210":-1.85535,"7:3:304":-1.96556,"7:3:65":-2.16791,"7:3:878":-2.11537,"7:3:66":-2.04022,"7:3:879":-1.82406,"0:7:673":-1.8718,"0:7:311":-1.37231,"1:3:781":-0.22314,"0:7:1235":-1.78106,"0:8:1":-2.5,"22:3:-1":-1.04779,"21:3:781":0.40547,"21:3:*":0.45642,"0:13:1130":0.0,"0:7:1115":-1.45668,"5:3:304":-1.37597,"3:3:878":-1.42712,"3:3:*":-1.24395,"3:3:304":-1.25276,"1:3:414":-0.40547,"1:3:400":-0.18232,"2:3:414":-0.51083,"0:8:15":-1.65823,"0:13:559":-0.69315,"1:3:344":0.17082,"0:9:345":-1.81423,"0:9:*":-2.09415,"0:7:1224":-1.74297,"0:13:478":-1.02779,"0:7:1086":-1.50346,"0:7:860":-0.40547,"0:13:1239":-1.8718,"0:7:1092":-1.38629,"0:13:1486":-1.83621,"1:3:722":0.30089,"0:9:723":-1.9141,"0:13:1044":-1.58441,"0:13:1046":0.19201,"0:13:1045":-2.5,"0:7:1205":-1.98483,"1:3:235":-1.18958,"1:3:119":-1.0033,"2:3:119":0.0,"0:7:140":-1.86075,"0:13:323":-1.02664,"5:3:119":-1.38629,"7:3:1031":-1.06044,"0:7:1120":-1.51293,"0:9:1031":-2.5,"0:7:1186":-1.50408,"0:7:1197":-1.38138,"5:3:1030":-1.03347,"5:3:311":-1.65345,"2:3:344":-0.31015,"19:3:345":-1.57837,"7:3:1097":-2.09495,"7:3:1086":-1.94591,"7:3:1152":-1.89712,"7:3:1171":-2.0748,"7:3:1194":-0.91629,"7:3:1227":-2.5,"7:3:1210":-1.38629,"7:3:1122":-1.83621,"7:3:1115":-1.62693,"7:3:1255":-1.65823,"7:3:1219":-1.89479,"0:7:1119":-1.25276,"7:3:3":-1.93608,"5:3:65":-1.67504,"8:3:1147":-0.69315,"8:3:*":-2.11718,"8:3:1121":-1.65823,"8:3:190":-0.95551,"8:3:1182":-0.43078,"8:3:8":-1.79176,"7:3:169":-1.3239,"7:3:190":-1.07536,"7:3:57":-1.77777,"7:3:666":-1.43376,"1:3:333":-0.60614,"0:8:1158":-1.36949,"19:3:678":-1.46634,"18:3:333":0.18232,"0:13:982":-0.79252,"1:3:57":-2.14007,"2:3:860":-1.05861,"0:9:861":-1.62746,"0:7:1264":-1.31484,"0:8:16":-1.66916,"0:7:116":-0.64185,"7:3:6":-2.5,"7:3:116":-2.23001,"7:3:1051":-2.19722,"0:7:1211":-1.25276,"7:3:723":-0.87436,"0:8:20":-2.16086,"2:3:722":-1.04982,"0:7:722":-0.9466,"22:3:3":-1.59109,"0:7:1030":-1.67398,"5:3:860":-1.60944,"0:7:1198":-1.55228,"0:8:2":-1.66255,"0:7:1256":-1.64625,"7:3:5":-1.5724,"7:3:2":-1.64866,"22:3:2":-0.28768,"21:3:119":-0.28768,"0:13:150":-0.87547,"0:13:151":-0.51083,"0:13:979":-0.57536,"0:7:1213":-1.80281,"7:3:1052":-1.54045,"0:7:1216":-1.50408,"0:7:414":-0.69315,"7:3:1216":-0.69315,"7:3:1218":-1.38629,"7:3:1220":-1.25276,"7:3:1217":-0.98083,"1:3:806":0.15415,"0:8:4":-2.18953,"0:13:1165":-1.38629,"0:8:1172":-1.97408,"7:3:1182":-2.14007,"7:3:1092":-2.37491,"7:3:1197":-2.5,"7:3:1121":-2.19722,"7:3:1123":-1.09861,"7:3:1193":-1.38629,"0:7:806":-1.09861,"0:13:1070":-1.18377,"3:3:1031":-0.82668,"30:6:-1":-0.47446,"30:6:*":-0.47446,"0:8:18":-2.5,"5:3:344":-0.56798,"21:3:1030":0.4877,"7:3:861":-1.20397,"5:3:235":-1.09861,"7:3:120":-1.1421,"7:3:121":-2.12026,"7:3:184":-1.43508,"7:3:140":-1.18958,"7:3:1071":-1.38629,"7:3:235":-1.35455,"7:3:119":-1.58697,"0:8:1163":-0.87547,"8:3:6":-2.5,"0:9:678":-2.2796,"0:13:983":-2.5,"21:3:169":0.68787,"1:3:1051":-0.51083,"2:3:1051":-1.38629,"0:7:1051":-1.38629,"7:3:117":-0.95551,"0:7:1229":-1.5506,"0:7:1079":-1.56564,"37:9:743":-0.72824,"37:9:*":-0.64803,"43:1:-1":0.95201,"43:1:*":0.95201,"43:2:-1":-1.71979,"43:2:*":-1.71979,"0:13:1072":-1.23474,"7:3:305":-2.03917,"7:3:742":-1.97202,"7:3:741":-1.67006,"7:3:743":-1.54254,"0:7:305":-1.26567,"1:3:305":-1.3173,"5:3:305":-1.49664,"3:3:676":-0.46536,"1:3:116":-0.47,"0:8:1174":-1.95539,"3:3:678":-0.33647,"21:3:345":1.7492,"0:13:479":-0.22758,"7:3:722":-1.11803,"7:3:721":-1.02962,"0:7:119":-0.69315,"0:10:-1":-1.70475,"2:3:720":-0.51083,"1:3:1071":-1.25276,"0:7:235":-0.55962,"8:3:1120":-0.95551,"8:3:1227":-1.0116,"8:3:17":-0.69315,"7:3:1030":-1.04455,"0:7:1212":-1.46634,"21:3:344":-0.27193,"2:3:806":-0.40547,"1:3:270":-0.98083,"2:3:270":-0.11778,"0:13:369":-1.09861,"0:7:268":-0.40547,"5:3:265":-0.69315,"5:3:268":-1.29928,"0:13:147":0.0,"7:3:311":-1.5976,"0:7:1208":-1.94591,"0:13:464":-0.91629,"7:3:17":-2.06801,"7:3:19":-1.78724,"7:3:11":-1.47591,"7:3:12":-2.10413,"1:3:265":-0.69315,"1:3:268":-0.55962,"2:3:268":-0.69315,"5:3:270":-0.81093,"21:3:723":0.69315,"0:13:1047":-2.5,"2:3:57":-1.72722,"21:3:57":-0.59598,"0:7:1257":-1.70475,"0:7:756":-1.44692,"0:7:344":-1.06784,"1:3:717":-0.44183,"2:3:717":-0.69315,"0:9:934":-1.79176,"0:13:1035":-1.09861,"0:13:1341":-1.0116,"2:3:721":-0.539,"21:3:721":0.36772,"0:13:1043":-1.94591,"7:3:343":-0.77319,"7:3:858":-1.60944,"1:3:210":0.0,"1:3:961":0.0,"2:3:210":-0.40547,"5:3:961":0.0,"5:3:112":-1.25276,"7:3:315":-0.51083,"7:3:112":-2.48491,"0:9:315":-0.91629,"0:13:1382":-0.40547,"0:13:439":0.40547,"7:3:1209":-0.28768,"7:3:310":-0.40547,"8:3:1189":-0.55962,"8:3:3":-1.52606,"8:3:1031":-0.55962,"15:3:741":0.12516,"15:3:*":-0.04879,"0:7:1182":-1.55814,"3:3:65":-1.49393,"0:7:1147":-0.37469,"0:7:721":-1.18958,"3:3:1030":-0.82668,"7:3:1225":-2.5,"7:3:1134":-1.8777,"1:3:941":-0.22314,"2:3:305":-1.07992,"7:3:941":-1.0116,"7:3:942":-1.09861,"7:3:943":-0.87547,"0:7:941":-0.69315,"0:13:1350":-0.40547,"21:3:722":0.49644,"0:9:674":-1.28785,"7:3:132":-1.06087,"7:3:131":-1.64866,"7:3:133":-1.13498,"0:7:131":-0.98083,"7:3:7":-2.07944,"5:3:131":-0.69315,"7:3:142":-0.69315,"0:7:741":-0.74194,"7:3:352":-1.44692,"7:3:353":-2.03688,"7:3:345":-1.83258,"7:3:344":-0.77319,"7:3:354":-1.60944,"0:7:352":-0.35667,"1:3:142":-0.8473,"0:7:1266":-1.21924,"0:7:858":-1.38629,"5:3:222":-1.09861,"3:3:675":-0.81093,"7:3:678":-0.91629,"1:3:418":0.0,"0:8:1157":-0.40547,"7:3:1064":-0.40547,"7:3:754":0.40547,"0:7:1064":0.0,"0:7:754":-0.28768,"0:13:422":0.0,"0:9:190":-1.52606,"0:13:253":-0.60614,"1:3:112":-0.26236,"0:13:141":0.22314,"3:3:741":-1.84583,"1:3:343":-0.28768,"5:3:858":-0.91629,"0:8:10":-0.69315,"8:3:666":-1.79176,"2:3:1071":-1.6864,